id,brand,website,instagram,tiktok,email,contact_type,collab_page,category,country,source,compatibility,priority,status,date_contacted,follow_up_date,response,gmail_message_id,gmail_thread_id,notes
B001,Quotrell,https://quotrell.com,@quotrell,,marketing@quotrell.com,marketing (indicata per collaborazioni con creator),https://quotrell.com/pages/faq,streetwear / casual,Paesi Bassi,"https://quotrell.com/pages/faq (FAQ: aperti a collaborazioni con influencer e content creator, proposte a marketing@)",Streetwear/casual per pubblico giovane; nelle FAQ dichiarano apertura a collaborazioni con content creator.,ALTA,CONTATTATO,2026-09-28,2026-10-05,,1a0e82d37ae89151,1a0e82d37ae89151,Email riconfermata con ricerca esatta.
B002,Colourful Rebel,https://colourfulrebel.com,@colourfulrebel,@colourfulrebel,pr@colourfulrebel.com,PR & collaborazioni,https://colourfulrebel.com/en-us/pages/contact,streetwear / casual,Paesi Bassi (Amsterdam),https://colourfulrebel.com/en-us/pages/contact (voce 'PR & Collaborations'),Casual/streetwear giovane e colorato; hanno team PR & influencer marketing e cercano stagisti per TikTok marketing.,ALTA,CONTATTATO,2026-09-28,2026-10-05,,1a0e82d596f7c77f,1a0e82d596f7c77f,Email riconfermata con ricerca esatta. Sulla pagina compare anche un indirizzo nominativo: NON usato (preferito contatto PR).
B003,Kapten & Son,https://kapten-son.com,@kaptenandson,,press@kapten-son.com,PR / influencer,https://kapten-son.com/en/experience-hub/inside-kapten/press,"accessori (zaini, orologi, occhiali)",Germania,https://kapten-son.com/en/experience-hub/inside-kapten/press ('for influencer or PR inquiries'),Accessori lifestyle per giovani; lavorano con molti creator e hanno un team di influencer marketing.,ALTA,CONTATTATO,2026-09-28,2026-10-05,,1a0e82dad243cdf5,1a0e82dad243cdf5,"Email riconfermata con ricerca esatta. Brand grande (IG ~1M): selettivi, ma canale influencer esplicito."
B004,Nove25,https://www.nove25.net,@nove25,,marketing@nove25.net,marketing / programma ambassador,https://www.nove25.net/en/c/be-an-ambassador,gioielli uomo (argento),Italia (Milano),https://www.nove25.net/en/c/be-an-ambassador ('Be a Nove25 Ambassador' -> scrivere a marketing@ con il progetto),"Gioielli in argento in stile urban, perfetti per look serali; hanno un programma ambassador ufficiale.",ALTA,CONTATTATO,2026-09-28,2026-10-05,,1a0e82e0717b09ef,1a0e82e0717b09ef,Email riconfermata con ricerca esatta. Brand strutturato (IG ~196K).
B005,Ngiolet Jeans,https://ngioletjeans.com,@ngiolet.jeans,,info@ngioletjeans.com,generale (usata anche per ambassador),https://ngioletjeans.com/en/pages/diventa-un-nostro-brand-ambassador,jeans e abbigliamento uomo,Italia,https://ngioletjeans.com/en/pages/diventa-un-nostro-brand-ambassador (programma aperto a influencer e content creator),Jeans e coordinati uomo casual/streetwear; programma brand ambassador aperto ai content creator.,ALTA,CONTATTATO,2026-09-28,2026-10-05,,1a0e82e57e67f8e0,1a0e82e57e67f8e0,Email riconfermata con ricerca esatta. Per il programma ambassador indicano anche WhatsApp +39 378 417 5764.
B006,Horda Brand,https://hordabrand.com,@hordabrandstreetwear,@hordabrandstreetwear,info@hordabrand.com,generale,https://hordabrand.com/en/pages/horda-brand-per-kid-lost,streetwear Made in Italy,"Italia (Foiano della Chiana, AR)",https://hordabrand.com/en/pages/contatti,"Piccolo brand streetwear italiano (IG ~16K) che collabora con artisti (Kid Lost, Nesli): molto realistico per 26K.",ALTA,CONTATTATO,2026-09-28,2026-10-05,,1a0e82ee1746450a,1a0e82ee1746450a,Email riconfermata con ricerca esatta.
B007,Phobia Archive,https://phobia-archive.com,@phobia_archive,@phobia_archive,hello@phobia-archive.com,generale,,streetwear,Italia,https://phobia-archive.com/pages/contact-us,Streetwear italiano per un pubblico giovane (IG ~35K): dimensione vicina alla mia audience.,ALTA,EMAIL RIMBALZATA,2026-09-28,,,1a0e82f70edf5723,1a0e82f70edf5723,Email riconfermata con ricerca esatta. | rimbalzata 2026-09-28: 550 5.1.1 indirizzo inesistente (Gmail DSN 1a0e82f76c353c9d) | Il sito indica ancora hello@ ma la casella non esiste: contattare via DM Instagram @phobia_archive o modulo https://phobia-archive.com/pages/contattaci
B008,Dolly Noire,https://www.dollynoire.com,@dollynoire (da verificare; esiste anche @dlynr_official),@dollynoiremilano,assistenza@dollynoire.com,customer care,https://www.dollynoire.com/pages/diventa-braver,streetwear,Italia (Milano),https://www.dollynoire.com/pages/contattaci,"Streetwear milanese molto seguito dai giovani, attivo su TikTok; community 'Braver' e collaborazioni con artisti e talent.",ALTA,CONTATTATO,2026-09-28,2026-10-05,,1a0e8300cbe93d2e,1a0e8300cbe93d2e,Unica email trovata = customer care: nella mail chiedo di inoltrare al marketing. Valutare anche DM Instagram o pagina 'Diventa un Braver'.
B009,Malelions,https://malelions.com,@malelions,,marketing@malelions.com,marketing,https://malelions.com/en/blogs/brand/ambassadors-family-van-malelions,streetwear uomo,Paesi Bassi,https://malelions.com/en/service/contact,Streetwear uomo con 'Ambassadors Family' di creator; mercato principale olandese.,MEDIA,CONTATTATO,2026-09-28,2026-10-05,,1a0e8b4037afb321,1a0e8b4037afb321,sales@malelions.com e' per rivenditori: non usato.
B010,Fred Mello,https://www.fred-mello.com,,,pressoffice@5fiveseasons.it,ufficio marketing & comunicazione,,abbigliamento uomo casual,Italia (Crema / Cernusco s/N),https://www.fred-mello.com/en/pages/contatti (Marketing & Communication Office),Casual uomo giovane venduto online e in store; contatto dedicato a marketing e comunicazione.,MEDIA,CONTATTATO,2026-09-28,2026-10-05,,1a0e8b48d008a8a0,1a0e8b48d008a8a0,Dominio 5fiveseasons.it = societa' che gestisce il brand (da confermare prima dell'invio).
B011,Enterprise Japan,https://www.enterprise-japan.com,,,info@enterprise-japan.com,generale,,streetwear / sneakers,Italia (Civitanova Marche),https://www.enterprise-japan.com/pages/contatti,"Streetwear e sneakers con target giovane, vicino alla scena musicale urban italiana.",MEDIA,CONTATTATO,2026-09-28,2026-10-05,,1a0e8b4da19472dc,1a0e8b4da19472dc,
B012,Takeshy Kurosawa,https://www.takeshykurosawa.com,@takeshykurosawa_official,,info@takeshykurosawa.com,generale,,abbigliamento uomo (total look),"Italia (Argelato, BO)",https://www.takeshykurosawa.com/contatti/,Total look uomo per un pubblico giovane.,MEDIA,CONTATTATO,2026-09-28,2026-10-05,,1a0e8b5342aad712,1a0e8b5342aad712,Sulla pagina contatti risulta anche un indirizzo marketing su Gmail (marketingtakeshykurosawashop@gmail.com): alternativa se info@ non risponde.
B013,Sseinse,https://www.sseinse.com,,,info@sseinse.com,generale,,abbigliamento uomo,"Italia (Nola, NA)",https://www.sseinse.com/contatti/,Menswear casual/giovane.,MEDIA,CONTATTATO,2026-09-28,2026-10-05,,1a0e8b583cd6179f,1a0e8b583cd6179f,
B014,Antony Morato,https://www.antonymorato.com,,,press@antonymorato.it,ufficio stampa,,abbigliamento uomo,Italia (Essedi SpA),https://windpress.info/it/network/company/7433/antony-morato-essedi-spa (scheda ufficio stampa),"Menswear molto diffuso tra i giovani; brand grande, quindi meno realistico.",MEDIA,CONTATTATO,2026-09-28,2026-10-05,,1a0e8b5ff4cc5ad5,1a0e8b5ff4cc5ad5,"Fonte = directory stampa, non il sito ufficiale."
B015,Imperial Fashion,https://www.imperialfashion.com,,,customercare@imperialfashion.com,customer care,https://www.imperialfashion.com/it/it/press,abbigliamento uomo/donna,Italia (Bologna),https://support.imperialfashion.com/hc/it/articles/18400386843538-Contatti,Fast fashion italiano per un pubblico giovane.,BASSA,DA CONTATTARE,,,,,,La pagina Press ha contatti dell'ufficio stampa non leggibili dalla ricerca: verificarli sul sito e preferirli.
B016,Iuter,https://www.iuter.com,@iuter,,info@iuter.com,generale / store,https://www.iuter.com/en/press,streetwear,Italia (Milano),https://www.iuter.com/en/p/contacts,"Streetwear milanese storico (dal 2002, IG ~110K), legato a cultura urbana ed eventi.",MEDIA,CONTATTATO,2026-09-28,2026-10-05,,1a0e8b62f1e29bfe,1a0e8b62f1e29bfe,store@iuter.com = customer care.
B017,Octopus,https://www.octopusbrand.com,,,store@octopusbrand.com,store / customer care,,streetwear,Italia,https://www.octopusbrand.com/en/p/contacts,Streetwear italiano nato da Iuter x VNGRD.,MEDIA,CONTATTATO,2026-09-28,2026-10-05,,1a0e8b6b4a97d558,1a0e8b6b4a97d558,
B018,Vision of Super,https://visionofsuper.com,,,customerservice@visionofsuper.com,customer care,,streetwear,Italia (Milano),https://visionofsuper.com/pages/contact-us,Streetwear colorato e riconoscibile per giovani; ha fatto collab (es. Reebok).,MEDIA,CONTATTATO,2026-09-28,2026-10-05,,1a0e8b73d021940d,1a0e8b73d021940d,
B019,Hinnominate,https://www.hinnominate.com,,,customercare@hinnominate.com,customer care,,street couture,Italia,https://www.hinnominate.com/it/contactus/,Street couture; fascia di prezzo alta.,BASSA,DA CONTATTARE,,,,,,
B020,ButNot,,,,info@butnot.it,generale,,streetwear,Italia (Salerno),"Risultato di ricerca (fonte non ufficiale, sito non verificato)",Streetwear salernitano.,BASSA,DA CONTATTARE,,,,,,Fonte debole: verificare l'indirizzo prima di approvare.
B021,Ghoud,https://ghoud.com,,,mkt@ghoud.com,marketing & press,,sneakers,"Italia (Vigonovo, VE)",https://ghoud.com/pages/contact-us,Sneakers premium; contatto marketing/press dedicato.,MEDIA,CONTATTATO,2026-09-28,2026-10-05,,1a0e8b795bdd5032,1a0e8b795bdd5032,info@ghoud.com = contatto B2C generale.
B022,P448,https://www.p448.com,,,contact@p448.com,generale,,sneakers,Italia,https://us.p448.com/pages/contact,Sneakers Made in Italy; lavorano con atleti e hanno un programma affiliazione.,MEDIA,CONTATTATO,2026-09-28,2026-10-05,,1a0e8b7e6eab4320,1a0e8b7e6eab4320,
B023,Spektre,https://spektre.com,@spektresunglasses,,press@infospektre.com,press,,occhiali da sole,Italia (Milano),https://pressday.net/en/press-contact/spektre-sunglasses + https://www.spektresunglasses.com/contact/,"Occhiali fatti a mano in Italia, ideali per contenuti outfit/lifestyle.",MEDIA,CONTATTATO,2026-09-28,2026-10-05,,1a0e8b8795964dfa,1a0e8b8795964dfa,Sulla pagina compare anche un indirizzo nominativo: NON usato.
B024,2Jewels,https://www.2jewels.it,,,info@2jewels.it,generale,,gioielli uomo,Italia (Milano),https://www.2jewels.it/ahi/cms/contattaci.html,"Gioielli in acciaio uomo, prezzo accessibile.",MEDIA,CONTATTATO,2026-09-28,2026-10-05,,1a0e8b8a9c61dc42,1a0e8b8a9c61dc42,
B025,Luca Barra,https://www.lucabarra.it,,,info@lucabarra.it,generale,,gioielli uomo/donna,Italia (Salerno),https://www.lucabarra.it (pagina contatti),"Gioielli con linea uomo, diffusi in tutta Italia.",MEDIA,CONTATTATO,2026-09-28,2026-10-05,,1a0e8b93a66365d3,1a0e8b93a66365d3,
B026,Gerba,https://gerba.it,@gerbajewels,,info@gerba.it,generale,,bracciali / gioielli uomo,Italia,https://gerba.it/en/pages/contatti,Bracciali uomo molto visibili nei video outfit.,MEDIA,CONTATTATO,2026-09-28,2026-10-05,,1a0e8b99ae1eaacd,1a0e8b99ae1eaacd,
B027,Olaf Hussein,https://www.olafhussein.com,,,marketing@olafhussein.com,marketing (collaborazioni e partnership),,streetwear premium,Paesi Bassi (Amsterdam),https://www.olafhussein.com/pages/contact-us,Streetwear premium; indirizzo indicato per collaborazioni e partnership.,MEDIA,CONTATTATO,2026-09-28,2026-10-05,,1a0e8b9f8a37e486,1a0e8b9f8a37e486,
B028,Sixth June,https://www.sixthjune.com,,,shop@sixthjune.com,generale,,streetwear,Francia,https://www.sixthjune.com/en/pages/contact,Streetwear; dichiarano di collaborare con content creator affini al loro universo.,MEDIA,CONTATTATO,2026-09-28,2026-10-05,,1a0e8ba575ef1fad,1a0e8ba575ef1fad,
B029,Hawkers,https://www.hawkersco.com,,,contact@hawkersco.com,generale,https://www.hawkersco.com/us/hawkers-crew.html,occhiali da sole,Spagna,https://www.hawkersco.com (contatti + programma Hawkers Crew),Occhiali per giovani; programma influencer 'Hawkers Crew'.,MEDIA,CONTATTATO,2026-09-28,2026-10-05,,1a0e8bac354cbb57,1a0e8bac354cbb57,Il form Hawkers Crew richiede un profilo Instagram pubblico.
B030,Cluse,https://cluse.com,,,partnerships@cluse.com,partnership / influencer,https://cluse.com/pages/ambassadors,orologi / gioielli,Paesi Bassi,https://cluse.com/pages/contact + https://cluse.com/pages/ambassadors,"Processo influencer esplicito, ma target prevalentemente femminile.",BASSA,DA CONTATTARE,,,,,,
B031,Northskull,https://northskull.com,,,customercare@northskull.com,customer care,https://northskull.com/shareyourstyle.html,gioielli uomo,Regno Unito,https://northskull.com/contact-us.html,Gioielli uomo; hanno fatto collezioni con influencer.,MEDIA,CONTATTATO,2026-09-28,2026-10-05,,1a0e8bb0b4719259,1a0e8bb0b4719259,
B032,Pompeii,https://pompeiibrand.com,,,contact@pompeiibrand.com,generale,,sneakers,Spagna (Madrid),https://pompeiibrand.com/en/pages/contacto-1,Sneakers 'street-elegant' per un pubblico giovane.,MEDIA,CONTATTATO,2026-09-28,2026-10-05,,1a0e8bb762aebf3d,1a0e8bb762aebf3d,
B033,Pegador,https://pegador.com,,,support@pegador.com,customer care,,streetwear,Germania,https://pegador.com/en/pages/contact-us,Streetwear giovane; unica email = customer care.,BASSA,DA CONTATTARE,,,,,,
B034,Arte Antwerp,https://arte-antwerp.com,,,support@arte-antwerp.com,customer care,https://arte-antwerp.com/pages/community-sign-up-instagram,streetwear,Belgio,https://arte-antwerp.com/pages/contact,Streetwear; hanno una pagina di iscrizione community via Instagram.,BASSA,DA CONTATTARE,,,,,,
B035,Black Bananas,https://blackbananas.com,,,support@blackbananas.com,customer care,,streetwear,Paesi Bassi,https://blackbananas.com/pages/contact-us,Streetwear sportivo; unica email = support.,BASSA,DA CONTATTARE,,,,,,
B036,Purewhite,https://www.purewhite.nl,,,webshop@purewhite.nl,customer care,,streetwear,Paesi Bassi,https://www.purewhite.nl/pages/contact-us,Streetwear; unica email = webshop.,BASSA,DA CONTATTARE,,,,,,
B037,Komono,https://komono.com,,,support@komono.com,customer care,,orologi / occhiali,Belgio,https://www.komono.com/en_US/company/contact/,Accessori; unica email = support.,BASSA,DA CONTATTARE,,,,,,
B038,Womsh,https://womsh.com,,,support@womsh.com,customer care,,sneakers sostenibili,Italia,https://womsh.com/it/pages/contatti,Sneakers italiane (Word Of Mouth Shoes); unica email = support (commerciale@ e' B2B).,BASSA,DA CONTATTARE,,,,,,
B039,Serge DeNimes,https://www.sergedenimes.com,,,orders@sergedenimes.com,ordini,,gioielli uomo,Regno Unito,https://www.sergedenimes.com/pages/contact-us,Gioielli uomo; unica email = ordini.,BASSA,DA CONTATTARE,,,,,,
B040,Sun68,https://sun68.com,,,shop@sun68.com,customer care,,casual uomo,Italia,https://sun68.com/it_it/termini-e-condizioni,Casual uomo; unica email = servizio clienti.,BASSA,DA CONTATTARE,,,,,,
B041,RefrigiWear 1954,https://refrigiwear1954.com,,,ecommerce@refrigiwear1954.com,e-commerce,,capispalla,Italia,https://refrigiwear1954.com/en/pages/contact-us,"Capispalla, adatti a contenuti autunno/inverno.",BASSA,DA CONTATTARE,,,,,,
B042,Bikkembergs,https://www.bikkembergs.com,,,customercare@bikkembergs.com,customer care,,abbigliamento / sneakers uomo,Italia (Milano),https://www.bikkembergs.com/us-en/contact-us,Menswear con anima sportiva; unica email = customer care.,BASSA,DA CONTATTARE,,,,,,
B043,Flamingos' Life,https://www.flamingoslife.com,,,contact@flamingoslife.com,generale,,sneakers vegan,Spagna,https://www.flamingoslife.com,Sneakers sostenibili; compatibilita' di stile debole.,BASSA,DA CONTATTARE,,,,,,
B044,Don The Fuller,http://www.donthefuller.it,@donthefuller,,rdg@donthefuller.it,non chiaro (possibile indirizzo personale),,denim,"Italia (Corropoli, TE)",Risultato di ricerca (pagina contatti del brand),Denim uomo/donna.,BASSA,DA CONTATTARE,,,,,,L'indirizzo potrebbe essere personale: approvare solo se non esiste un contatto business migliore.
B045,Propaganda Clothing,https://www.propagandaclothing.it,,,email non trovata,ticket dall'area clienti,,streetwear,Italia (Milano; nato a Roma nel 2006),https://www.propagandaclothing.it/en/contacts/,Streetwear legato alla scena musicale.,MEDIA,DA CONTATTARE,,,,,,Contatto consigliato: DM Instagram.
B046,Pyrex Original,https://www.pyrexoriginal.com,,,email non trovata,pagina contatti,,streetwear / sportswear,Italia (Barletta),https://www.pyrexoriginal.com/contatti/,Streetwear/sportswear giovane.,MEDIA,DA CONTATTARE,,,,,,"L'unica email trovata appartiene all'agenzia web/titolare privacy, non al brand: non usata."
B047,T-Shirt73 by Alarico,https://www.tshirt73.com,,,email non trovata,form,https://www.tshirt73.com/diventa-ambassador/,streetwear Made in Italy,Italia,https://www.tshirt73.com/diventa-ambassador/,Programma ambassador per chi ha almeno 15K follower reali (TikTok incluso).,ALTA,DA CONTATTARE,,,,,,Candidatura tramite form sul sito.
B048,MyRing,https://www.myring.it,,,email non trovata,form / area messaggi,https://www.myring.it/collaborazioni/,gioielli personalizzati,Italia (Pistoia),https://www.myring.it/collaborazioni/,Programma influencer esplicito: gioielli in cambio di contenuti (anche TikTok).,ALTA,DA CONTATTARE,,,,,,Candidatura tramite pagina collaborazioni.
B049,Brosway,https://www.brosway.com,,,email non trovata,,,gioielli / orologi uomo,Italia,https://www.brosway.com,Gioielli in acciaio uomo; fanno campagne con influencer.,MEDIA,DA CONTATTARE,,,,,,
B050,Kidult,https://www.discoverkidult.com,,,email non trovata,WhatsApp servizio clienti,,gioielli,Italia,https://www.discoverkidult.com,Gioielli giovani; campagne influencer gestite con agenzia (Open Influence).,MEDIA,DA CONTATTARE,,,,,,
B051,SikSilk,https://siksilk.com,,,email non trovata,,,streetwear,Regno Unito,https://siksilk.com,Streetwear giovane con forte uso di influencer.,MEDIA,DA CONTATTARE,,,,,,
B052,Meller,https://mellerbrand.com,,,email non trovata,,https://mellerbrand.com/pages/collaborations,occhiali da sole,Spagna,https://mellerbrand.com/pages/collaborations,Occhiali giovani; lavorano con micro e macro influencer.,MEDIA,DA CONTATTARE,,,,,,
B053,EBTM,https://ebtm.it,,,email non trovata,form,,streetwear vintage,Italia,https://ebtm.it/pages/contact-us,"Brand streetwear italiano nato nel 2024, presente su TikTok.",MEDIA,DA CONTATTARE,,,,,,
B054,40TerraceStudio,https://40terracestudio.co,@40terracestudio,@40terracestudio,email non trovata,DM,,streetwear,Italia,https://www.instagram.com/40terracestudio/,Piccolo brand 'DAYNIGHT LIFEGEAR': molto in linea con contenuti nightlife.,MEDIA,DA CONTATTARE,,,,,,
B055,Holzkern,https://www.holzkern.com,,,email non trovata,pagina creator,https://www.world.holzkern.com/en_world/influencer/,orologi,Austria,https://www.world.holzkern.com/en_world/influencer/,Pagina dedicata a creator e influencer.,MEDIA,DA CONTATTARE,,,,,,Email nella pagina non leggibile dalla ricerca: verificarla sul sito.
B056,Morrison,https://morrisonshoes.com,,,email non trovata,sezione 'culture' del sito,,sneakers,Spagna,https://morrisonshoes.com/en-eu/pages/preguntas-frecuentes,Sneakers giovani; nelle FAQ invitano gli influencer a lasciare il contatto.,MEDIA,DA CONTATTARE,,,,,,
B057,Gang For Love,https://gangforlove.com,,,email non trovata,,,streetwear emergente,Italia,https://gangforlove.com/brand-streetwear-emergenti/,Brand streetwear emergente.,MEDIA,DA CONTATTARE,,,,,,
B058,Unfair Athletics,https://www.unfairathletics.com,@unfair_athletics,,email non trovata,pagina contatti,,streetwear / athleisure,Germania,https://unfairathletics.com/kontakt,Streetwear/athleisure.,BASSA,DA CONTATTARE,,,,,,
B059,Marlù,https://www.marlu.it,,,email non trovata,,,gioielli acciaio uomo,San Marino,https://www.marlu.it/contatti,Gioielli uomo in acciaio.,BASSA,DA CONTATTARE,,,,,,
B060,Garment Workshop,https://garmentworkshop.com,@garment.workshop,,email non trovata,,,denim / abbigliamento,Italia,https://garmentworkshop.com/pages/contact-us,"Denim Made in Italy, fascia alta.",BASSA,DA CONTATTARE,,,,,,
B061,Nordgreen,https://nordgreen.com,,,email non trovata,programma influencer/affiliate,https://nordgreen.com/pages/influencer-affiliate-programme,orologi,Danimarca,https://nordgreen.com/pages/influencer-affiliate-programme,Programma influencer/affiliate; stile minimal meno vicino al mio.,BASSA,DA CONTATTARE,,,,,,
B062,Hidnander,https://hidnander.com,,,email non trovata,,,sneakers,Italia (Milano),https://hidnander.com/pages/contact,Sneakers premium.,BASSA,DA CONTATTARE,,,,,,
B063,Berna,https://www.bernaitalia.it,,,email non trovata,form,,abbigliamento uomo,Italia,https://www.bernaitalia.it/en/contact,Menswear Made in Italy.,BASSA,DA CONTATTARE,,,,,,
B064,Invicta,https://www.invicta.it,,,email non trovata,form,,zaini / accessori,Italia (Torino),https://www.invicta.it/en/pages/contact,Zaini e accessori.,BASSA,DA CONTATTARE,,,,,,
B065,Crime London,https://www.crimelondon.com,,,email non trovata,pagina contatti,,sneakers,Europa (produzione in Italia),https://www.crimelondon.com/en/contatti,Sneakers premium.,BASSA,DA CONTATTARE,,,,,,
B066,D.A.T.E.,https://www.date-sneakers.com,,,email non trovata,pagina contatti,,sneakers,Italia (Firenze),https://www.date-sneakers.com/it/contatti.php,Sneakers italiane.,BASSA,DA CONTATTARE,,,,,,
B067,Mouty,https://mouty-paris.com,,,email non trovata,,,menswear,Francia (Parigi),https://mouty-paris.com/en/pages/about,"Menswear parigino, fascia alta.",BASSA,DA CONTATTARE,,,,,,
B068,Cavallaro Napoli,https://www.cavallaronapoli.com,,,email non trovata,pagina contatti,,menswear,Paesi Bassi,https://www.cavallaronapoli.com/contact,Menswear elegante; stile meno vicino al mio.,BASSA,DA CONTATTARE,,,,,,
B069,Mennace,https://www.mennace.com,,,email non trovata,,,streetwear,Regno Unito,https://www.mennace.com/uk/help,Streetwear uomo.,BASSA,DA CONTATTARE,,,,,,
B070,Montirex,https://montirex.com,,,influencers@montirex.com,influencer (pagina dedicata),https://montirex.com/en-us/pages/influencer,streetwear / athleisure,Regno Unito,"https://montirex.com/en-us/pages/influencer (proposte creator a influencers@, risponde il team influencer)",Streetwear/athleisure giovane con team influencer dedicato.,ALTA,CONTATTATO,2026-09-28,2026-10-05,,1a0e8b0aea4f7c2c,1a0e8b0aea4f7c2c,info@montirex.com = generale.
B071,Happy Socks,https://www.happysocks.com,,,collaborations@happysocks.com,collaborazioni social (team social media),https://support.happysocks.com/hc/en-us/articles/206379636-I-want-to-collaborate-with-Happy-Socks-on-Social-Media-whom-do-I-contact-,calze / accessori,Svezia,support.happysocks.com: 'I want to collaborate with Happy Socks on Social Media' -> collaborations@,Accessorio colorato e giovane; canale esplicito per collaborazioni social.,ALTA,EMAIL RIMBALZATA,2026-09-28,,,1a0e8b0d8e8db41f,1a0e8b0d8e8db41f,"marketing@happysocks.com = PR/marketing. | rimbalzata 2026-09-28: 550 casella inesistente (DSN 1a0e8b0dffedd58c). Alternativa dallo stesso help center: marketing@happysocks.com (non verificata, serve nuova approvazione)"
B072,Gianni Lupo,https://www.giannilupo.com,,,info@giannilupo.it,generale,,abbigliamento uomo,Italia (Prato),https://www.giannilupo.com/it/contact-us-ss-oookfkf,"Menswear giovane disegnato in Italia, venduto online.",MEDIA,CONTATTATO,2026-09-28,2026-10-05,,1a0e8bbbdf84edc7,1a0e8bbbdf84edc7,giannicares@giannilupo.com = customer care.
B073,The Couture Club,https://www.thecoutureclub.com,,,info@thecoutureclub.co.uk,generale,,streetwear,Regno Unito,https://www.thecoutureclub.com/pages/contact-us,Streetwear giovane; ha già fatto collaborazioni con influencer.,MEDIA,CONTATTATO,2026-09-28,2026-10-05,,1a0e8bc1838a1a0c,1a0e8bc1838a1a0c,customer.services@thecoutureclub.co.uk = customer care.
B074,Muroexe,https://muroexe.com,,,userexperience@muroexe.com,customer care,,sneakers,Spagna,https://muroexe.com/pages/contact,Sneakers; unica email = customer care.,BASSA,DA CONTATTARE,,,,,,
B075,Paul Valentine,https://paul-valentine.com,,,email non trovata,pagina Influencer Relations / Brand Ambassadors,https://paul-valentine.com/en-at/pages/brand-ambassadors,orologi / gioielli,Germania,https://paul-valentine.com/pages/contact,Programma brand ambassador; target soprattutto femminile.,MEDIA,DA CONTATTARE,,,,,,"Email influencer non leggibile dalla ricerca: verificarla sul sito. retail@ = B2B, non usare."
B076,Mauna Kea,https://maunakea.store,,,email non trovata,,,streetwear,Italia (Firenze),https://maunakea.store/it/about,"Streetwear fiorentino dal 1988, stile sportivo e colorato.",MEDIA,DA CONTATTARE,,,,,,
B077,Seven,https://www.seven.eu,,,email non trovata,pagina contatti,,zaini / accessori,Italia,https://www.seven.eu/en/pages/contact,Zaini per ragazzi.,BASSA,DA CONTATTARE,,,,,,Unica email trovata = assistenza gestita da terzi (fullycommerce): non usata.
B078,Pompea,https://www.pompea.com,,,email non trovata,form,,intimo / comfortwear uomo,"Italia (Medole, MN)",https://www.pompea.com/supporto/contatti,Intimo e comfortwear.,BASSA,DA CONTATTARE,,,,,,Contatto solo via form.
B079,Polar,https://polar.it,,,email non trovata,form,,occhiali da sole,Italia,https://polar.it/pages/richiesta,Occhiali polarizzati Made in Italy.,BASSA,DA CONTATTARE,,,,,,Contatto solo via form.
B080,Yes Zee,https://yeszee.it,,,email non trovata,,,abbigliamento uomo/donna,Italia (Essenza SpA),https://yeszee.it/,Total look casual/urban.,BASSA,DA CONTATTARE,,,,,,
B081,GCDS,https://gcds.com,,,press@gcds.it,press,,"streetwear (felpe, t-shirt)",Italia (Milano),https://gcds.com/en-us/pages/contact-us,"Streetwear italiano molto noto tra i giovani, felpe e t-shirt riconoscibili.",MEDIA,DA CONTATTARE,,,,,,Brand grande e selettivo.
B082,Daily Paper,https://dailypaperclothing.com,,,info@dailypaperclothing.com,generale,https://dailypaperclothing.com/blogs/collaborations,streetwear,Paesi Bassi (Amsterdam),https://dailypaperclothing.com/pages/contact-us,"Streetwear noto con molte collaborazioni (Filling Pieces, New Era, Beats by Dre).",MEDIA,DA CONTATTARE,,,,,,
B083,Represent,https://representclo.com,@representclo,,press@representclo.com,press & partnerships,https://eu.representclo.com/pages/press-partnerships,"streetwear (felpe, t-shirt)",Regno Unito,https://representclo.com/pages/contact-us + https://eu.representclo.com/pages/press-partnerships,Brand di felpe e t-shirt molto noto; sul sito ha una sezione 'Influencer Selects'.,MEDIA,DA CONTATTARE,,,,,,
B084,Barrow,https://www.barrowofficial.com,,,info@barrowofficial.com,generale,,"streetwear (felpe, t-shirt)",Italia (Barletta),https://www.barrowofficial.com/en/pages/contatti,"Streetwear italiano noto, ispirato a una 'gioventù ribelle di nativi digitali'.",MEDIA,DA CONTATTARE,,,,,,
B085,Champion Europe,https://www.championstore.com,,,marketing.chpeu@orbico.com,press / marketing Europa,,felpe / sportswear,"Italia (Carpi, MO)",https://www.championstore.com/en_emea/contact-us (voce 'Press enquiries'),Felpe e t-shirt iconiche; la sede europea è in Italia.,MEDIA,DA CONTATTARE,,,,,,Dominio orbico.com = società che gestisce il brand in Europa (da verificare). Alternativa citata: Marketing.CHPEU@hanes.com.
B086,Gym King,https://thegymking.com,,,customerservice@gymking.com,customer care,,tute / athleisure,Regno Unito,https://thegymking.com/en-us/pages/contact-us,Tute e capi lifestyle per giovani; unica email = customer care.,BASSA,DA CONTATTARE,,,,,,
B087,Trapstar,https://trapstarlondon.com,@trapstarlondon,,support@trapstarlondon.com,customer care,,streetwear,Regno Unito,Risultato di ricerca (contatto supporto clienti),Streetwear londinese molto noto; unica email pubblica = supporto clienti.,BASSA,DA CONTATTARE,,,,,,Hanno un responsabile influencer ma senza email pubblica: NON usato un indirizzo costruito.
B088,Carhartt WIP,https://www.carhartt-wip.com,,,info@carhartt-wip.com,generale,,streetwear / workwear,Germania (sede europea),https://services.carhartt-wip.com/en-de/contact,"Capi streetwear diffusissimi tra i giovani; brand grande, meno realistico.",BASSA,DA CONTATTARE,,,,,,
B089,Karl Kani,https://www.karlkani.com,@karlkani_europe,,email non trovata,,,streetwear,Germania / Europa,https://www.karlkani.com/pages/contact-us,Streetwear molto forte in Italia e Germania; email europea non trovata.,MEDIA,DA CONTATTARE,,,,,,
B090,BALR.,https://www.balr.com,,,email non trovata,,,streetwear premium,Paesi Bassi (Amsterdam),https://careers.balr.com/o/influencer-marketeer-football,Ha un team influencer marketing; contatti pubblici in rifacimento.,MEDIA,DA CONTATTARE,,,,,,
B091,Robe di Kappa,https://www.robedikappa.com,@robedikappa_official,,email non trovata,,,felpe / sportswear,"Italia (Torino, BasicNet)",https://it.wikipedia.org/wiki/Robe_di_Kappa,Felpe e sportswear italiano storico; ufficio stampa non trovato.,BASSA,DA CONTATTARE,,,,,,
